From: John, To: Odin
From: Odin, To: Selah
From: Odin, To: Cohen
From: Odin, To: Hazel
From: Odin, To: Cairo
From: Odin, To: Rhett
From: Odin, To: Siena
From: John, To: Zoey
From: Hazel, To: Kaia
From: Della, To: Zoey
From: Otis, To: Zoey
From: Erik, To: Zoey
From: Naya, To: Zoey
From: Della, To: Kade
From: John, To: Cohen
From: Della, To: Naya
From: Della, To: Otis
From: Della, To: Erik
From: Otis, To: Kade
From: Otis, To: Erik
From: Selah, To: Rhett
From: Erik, To: Naya
From: Erik, To: Kade
From: Naya, To: Kade
From: Cohen, To: Hazel
From: Cohen, To: Rhett
From: Hazel, To: Cairo
From: Hazel, To: Rhett
From: Zoey, To: Cairo
From: Zoey, To: Kaia